{
  "adapter": "agentictrading",
  "task_id": "observation_batch_day1__2026-07-06",
  "adapter_version": "0.1.0",
  "q1": null,
  "q2": null,
  "q3": null,
  "q4": null,
  "q5": {
    "total_return": 0.001320399999999936,
    "sharpe": 0.19427918911965816,
    "max_drawdown": -0.038198767902951784,
    "alpha_vs_benchmark": -0.003888700000000099,
    "calmar": 0.034566559930795646,
    "win_rate": null,
    "equity_curve": [
      1.0,
      1.0016474,
      1.0002579,
      1.0004811,
      0.9966116,
      0.9925143,
      0.9922015,
      0.9909178999999999,
      0.9784996,
      0.9733932000000001,
      0.9777796000000001,
      0.9830918,
      0.982572,
      0.9851746,
      0.985155,
      0.9783869000000001,
      0.9781805,
      0.9774480999999999,
      0.9778533,
      0.9727242999999999,
      0.9718958,
      0.9755313000000001,
      0.9738399000000001,
      0.9753659,
      0.9819994000000001,
      0.9841975999999999,
      0.9881549000000001,
      0.9878089999999999,
      0.9887977,
      0.9945216,
      0.9898393,
      0.991539,
      0.9900779,
      0.9904286,
      0.9908833,
      1.0068256,
      1.0089153,
      1.010797,
      1.0101342,
      1.0078502,
      1.007995,
      1.0083058999999999,
      1.0068527999999999,
      1.0066283,
      1.0077548,
      1.0068948,
      1.0062254,
      1.0049955,
      1.0043238,
      1.0063731,
      1.0032011,
      1.00456,
      1.002558,
      0.9981245,
      0.9929563,
      0.9918939999999999,
      0.9985879,
      0.9976247,
      0.9992715,
      1.0004622,
      0.9989463000000001,
      0.9984734,
      0.9993567,
      1.0005532000000001,
      0.9975602,
      0.9982602,
      0.9978753,
      0.9980353999999999,
      0.9960547,
      0.9963199,
      0.991303,
      0.9854541,
      0.9887735000000001,
      0.9892529,
      0.9863982000000001,
      0.9848928,
      0.9827032000000001,
      0.9864928999999999,
      0.9915047,
      0.9893850999999999,
      0.9817559,
      0.9841646000000001,
      0.9809664,
      0.9816092,
      0.9791194999999999,
      0.9769452000000001,
      0.9756278999999999,
      0.9758858,
      0.9794392,
      0.9743491000000001,
      0.9747315,
      0.9762430000000001,
      0.9779357000000001,
      0.9752399,
      0.9780589999999999,
      0.9762169,
      0.9754461,
      0.9721858,
      0.9803052999999999,
      0.9828807,
      0.9828511999999999,
      0.9853458,
      0.9854616,
      0.9866752000000001,
      0.986242,
      0.9922394999999999,
      0.9940355000000001,
      0.9952021000000001,
      0.9955493,
      0.9957825,
      0.9962957000000001,
      0.9957948,
      0.9977444,
      1.0017087,
      1.0010166,
      0.9994559,
      0.9988025,
      0.9982585,
      0.9968869,
      1.0037421,
      1.000309,
      0.9997356,
      0.9972527999999999,
      0.9984716,
      0.9980249000000001,
      1.0013204
    ],
    "benchmark": "market_index (^GSPC, real Yahoo index series)",
    "train_period": null,
    "test_period": "2026-06-06/2026-07-05",
    "adapter": "agentictrading",
    "cost_usd": 0.0,
    "latency_sec": 10.08247685432434
  },
  "native_output": {},
  "adapter_notes": "observation_batch input_id=portfolio_universe"
}